Folder,Subfolder,Article
Kutub,https://ilmiyyah.com/archives/4807,
Kutub,https://ilmiyyah.com/archives/11123,
Kutub,https://ilmiyyah.com/archives/12360,
Kutub,https://ilmiyyah.com/archives/1241,
Kutub,https://ilmiyyah.com/archives/12370,
Kutub,https://ilmiyyah.com/archives/12419,
Kutub,https://ilmiyyah.com/archives/12355,
Kutub,https://ilmiyyah.com/archives/12127,
Kutub,https://ilmiyyah.com/archives/12199,
Kutub,https://ilmiyyah.com/archives/12388,
Kutub,https://ilmiyyah.com/archives/10358,
Kutub,https://ilmiyyah.com/archives/12410,
Kutub,https://ilmiyyah.com/archives/12395,
Kutub,https://ilmiyyah.com/archives/10372,
Kutub,https://ilmiyyah.com/archives/10284,
Kutub,https://ilmiyyah.com/archives/12429,
Kutub,https://ilmiyyah.com/archives/10274,
Kutub,https://ilmiyyah.com/archives/12383,
Kutub,https://ilmiyyah.com/archives/12207,
Kutub,https://ilmiyyah.com/archives/12365,
Kutub,https://ilmiyyah.com/archives/11115,
Kutub,https://ilmiyyah.com/archives/12190,
Kutub,https://ilmiyyah.com/archives/12146,
Kutub,https://ilmiyyah.com/archives/10599,
Kutub,https://ilmiyyah.com/archives/10382,
Kutub,https://ilmiyyah.com/archives/12335,
Kutub,https://ilmiyyah.com/archives/8430,
Kutub,https://ilmiyyah.com/archives/12433,
Kutub,https://ilmiyyah.com/archives/4793,
Kutub,https://ilmiyyah.com/archives/12112,
Kutub,https://ilmiyyah.com/archives/4812,
Kutub,https://ilmiyyah.com/archives/10178,
Kutub,https://ilmiyyah.com/archives/12102,
Kutub,https://ilmiyyah.com/archives/10311,
Kutub,https://ilmiyyah.com/archives/12011,
Kutub,https://ilmiyyah.com/archives/4816,
Kutub,https://ilmiyyah.com/archives/12424,
Kutub,https://ilmiyyah.com/archives/4790,
Kutub,https://ilmiyyah.com/archives/4786,
Kutub,https://ilmiyyah.com/archives/12405,
Kutub,https://ilmiyyah.com/archives/9891,
Kutub,https://ilmiyyah.com/archives/10620,
Halaqah Silsilah Ilmiyah,https://ilmiyyah.com/halaqah-silsilah-ilmiyah/pengagungan-terhadap-ilmu,
Halaqah Silsilah Ilmiyah,https://ilmiyyah.com/halaqah-silsilah-ilmiyah/belajar-tauhid,
Halaqah Silsilah Ilmiyah,https://ilmiyyah.com/halaqah-silsilah-ilmiyah/mengenal-allah-%ef%b7%bb,
Halaqah Silsilah Ilmiyah,https://ilmiyyah.com/halaqah-silsilah-ilmiyah/mengenal-rasulullah-%ef%b7%ba,
Halaqah Silsilah Ilmiyah,https://ilmiyyah.com/halaqah-silsilah-ilmiyah/mengenal-agama-islam,
Halaqah Silsilah Ilmiyah,https://ilmiyyah.com/halaqah-silsilah-ilmiyah/beriman-kepada-hari-akhir,
Halaqah Silsilah Ilmiyah,https://ilmiyyah.com/halaqah-silsilah-ilmiyah/beriman-kepada-malaikat,
Halaqah Silsilah Ilmiyah,https://ilmiyyah.com/halaqah-silsilah-ilmiyah/beriman-kepada-kitab-kitab-allah,
Halaqah Silsilah Ilmiyah,https://ilmiyyah.com/halaqah-silsilah-ilmiyah/beriman-kepada-para-rasul,
Halaqah Silsilah Ilmiyah,https://ilmiyyah.com/halaqah-silsilah-ilmiyah/beriman-kepada-takdir-allah-%ef%b7%bb,
Halaqah Silsilah Ilmiyah,https://ilmiyyah.com/halaqah-silsilah-ilmiyah/silsilah-sirah-nabawiyyah,
Halaqah Silsilah Ilmiyah,https://ilmiyyah.com/archives/11115,
Halaqah Silsilah Ilmiyah,https://ilmiyyah.com/archives/10284,
Halaqah Silsilah Ilmiyah,https://ilmiyyah.com/archives/10372,
Halaqah Silsilah Ilmiyah,https://ilmiyyah.com/archives/10274,
Halaqah Silsilah Ilmiyah,https://ilmiyyah.com/archives/12102,
Halaqah Silsilah Ilmiyah,https://ilmiyyah.com/archives/12112,
Halaqah Silsilah Ilmiyah,https://ilmiyyah.com/archives/12127,
Halaqah Silsilah Ilmiyah,https://ilmiyyah.com/archives/10620,
Halaqah Silsilah Ilmiyah,https://ilmiyyah.com/archives/11123,
Halaqah Silsilah Ilmiyah,https://ilmiyyah.com/archives/12146,
Halaqah Silsilah Ilmiyah,https://ilmiyyah.com/archives/10599,
Halaqah Silsilah Ilmiyah,https://ilmiyyah.com/halaqah-silsilah-ilmiyah/mahazi,
Halaqah Silsilah Ilmiyah,https://ilmiyyah.com/archives/1258,
Halaqah Silsilah Ilmiyah,https://ilmiyyah.com/halaqah-silsilah-ilmiyah/wasiat-perpisahan-rasulullah-%ef%b7%ba,
Halaqah Silsilah Ilmiyah,https://ilmiyyah.com/halaqah-silsilah-ilmiyah/amalan-yang-disyariatkan-di-bulan-syaban,
Halaqah Silsilah Ilmiyah,https://ilmiyyah.com/halaqah-silsilah-ilmiyah/menyambut-ramadhan-dengan-ilmu,
Halaqah Silsilah Ilmiyah,https://ilmiyyah.com/archives/6346,
Madeenah – Madrasah Diniyah,https://ilmiyyah.com/archives/12146,
Madeenah – Madrasah Diniyah,https://ilmiyyah.com/archives/12127,
Madeenah – Madrasah Diniyah,https://ilmiyyah.com/archives/12199,
Madeenah – Madrasah Diniyah,https://ilmiyyah.com/archives/12190,
Madeenah – Madrasah Diniyah,https://ilmiyyah.com/archives/12011,
Madeenah – Madrasah Diniyah,https://ilmiyyah.com/archives/12207,
Madeenah – Madrasah Diniyah,https://ilmiyyah.com/archives/12335,
Madeenah – Madrasah Diniyah,https://ilmiyyah.com/archives/12355,
Madeenah – Madrasah Diniyah,https://ilmiyyah.com/archives/12360,
Madeenah – Madrasah Diniyah,https://ilmiyyah.com/archives/12365,
Madeenah – Madrasah Diniyah,https://ilmiyyah.com/archives/12370,
Madeenah – Madrasah Diniyah,https://ilmiyyah.com/archives/12383,
Madeenah – Madrasah Diniyah,https://ilmiyyah.com/archives/12388,
Madeenah – Madrasah Diniyah,https://ilmiyyah.com/archives/12395,
Madeenah – Madrasah Diniyah,https://ilmiyyah.com/archives/12405,
Madeenah – Madrasah Diniyah,https://ilmiyyah.com/archives/12410,
Madeenah – Madrasah Diniyah,https://ilmiyyah.com/archives/12419,
Madeenah – Madrasah Diniyah,https://ilmiyyah.com/archives/12424,
Madeenah – Madrasah Diniyah,https://ilmiyyah.com/archives/12429,
Madeenah – Madrasah Diniyah,https://ilmiyyah.com/archives/12433,
Madeenah – Madrasah Diniyah,https://ilmiyyah.com/bimbingan-islam/kitab-syarah-ushul-iman,
Madeenah – Madrasah Diniyah,https://ilmiyyah.com/bimbingan-islam/keutamaan-10-hari-pertama-bulan-dzulhijjah-dan-hari-tasyrik-serta-beberapa-panduan-praktis-berkurban,
Madeenah – Madrasah Diniyah,https://ilmiyyah.com/bimbingan-islam/silsilah-ringkas-fiqih-thaharoh,
Madeenah – Madrasah Diniyah,https://ilmiyyah.com/bimbingan-islam/tuhanmu-adalah-tuhan-yang-esa,
Madeenah – Madrasah Diniyah,https://ilmiyyah.com/bimbingan-islam/tematik/faedah-surat-al-kahfi,
Madeenah – Madrasah Diniyah,Adab Sosial Media,https://ilmiyyah.com/archives/184
Madeenah – Madrasah Diniyah,Adab Sosial Media,https://ilmiyyah.com/archives/143
Madeenah – Madrasah Diniyah,Adab Sosial Media,https://ilmiyyah.com/archives/172
Madeenah – Madrasah Diniyah,Adab Sosial Media,https://ilmiyyah.com/archives/191
Madeenah – Madrasah Diniyah,Adab Sosial Media,https://ilmiyyah.com/archives/193
Madeenah – Madrasah Diniyah,10 Wasiat Perlindungan Diri Dari Wabah,https://ilmiyyah.com/archives/3023
Madeenah – Madrasah Diniyah,10 Wasiat Perlindungan Diri Dari Wabah,https://ilmiyyah.com/archives/3029
Madeenah – Madrasah Diniyah,10 Wasiat Perlindungan Diri Dari Wabah,https://ilmiyyah.com/archives/3031
Madeenah – Madrasah Diniyah,10 Wasiat Perlindungan Diri Dari Wabah,https://ilmiyyah.com/archives/3033
Madeenah – Madrasah Diniyah,10 Wasiat Perlindungan Diri Dari Wabah,https://ilmiyyah.com/archives/3035
Madeenah – Madrasah Diniyah,Bulan Rajab,https://ilmiyyah.com/archives/233
Madeenah – Madrasah Diniyah,Bulan Rajab,https://ilmiyyah.com/archives/235
Madeenah – Madrasah Diniyah,Bulan Rajab,https://ilmiyyah.com/archives/237
Madeenah – Madrasah Diniyah,Bulan Rajab,https://ilmiyyah.com/archives/239
Madeenah – Madrasah Diniyah,Bulan Rajab,https://ilmiyyah.com/archives/241
Madeenah – Madrasah Diniyah,Bulan Sya'ban,https://ilmiyyah.com/archives/267
Madeenah – Madrasah Diniyah,Bulan Sya'ban,https://ilmiyyah.com/archives/269
Madeenah – Madrasah Diniyah,Bulan Sya'ban,https://ilmiyyah.com/archives/271
Madeenah – Madrasah Diniyah,Bulan Sya'ban,https://ilmiyyah.com/archives/274
Madeenah – Madrasah Diniyah,Bulan Ramadhan,https://ilmiyyah.com/archives/2918
Madeenah – Madrasah Diniyah,Bulan Ramadhan,https://ilmiyyah.com/archives/2920
Madeenah – Madrasah Diniyah,Bulan Ramadhan,https://ilmiyyah.com/archives/2922
Madeenah – Madrasah Diniyah,Bulan Ramadhan,https://ilmiyyah.com/archives/2924
Madeenah – Madrasah Diniyah,Bulan Ramadhan,https://ilmiyyah.com/archives/2926
Madeenah – Madrasah Diniyah,Bulan Ramadhan,https://ilmiyyah.com/archives/2928
Madeenah – Madrasah Diniyah,Bulan Ramadhan,https://ilmiyyah.com/archives/2591
Madeenah – Madrasah Diniyah,Bulan Ramadhan,https://ilmiyyah.com/archives/2945
Madeenah – Madrasah Diniyah,Bulan Ramadhan,https://ilmiyyah.com/archives/2947
Madeenah – Madrasah Diniyah,Bulan Ramadhan,https://ilmiyyah.com/archives/2949
Madeenah – Madrasah Diniyah,Bulan Ramadhan,https://ilmiyyah.com/archives/2951
Madeenah – Madrasah Diniyah,Bulan Ramadhan,https://ilmiyyah.com/archives/2953
Madeenah – Madrasah Diniyah,Bulan Ramadhan,https://ilmiyyah.com/archives/2955
Madeenah – Madrasah Diniyah,Bulan Ramadhan,https://ilmiyyah.com/archives/2958
Madeenah – Madrasah Diniyah,Bulan Ramadhan,https://ilmiyyah.com/archives/2960
Madeenah – Madrasah Diniyah,Bulan Ramadhan,https://ilmiyyah.com/archives/2962
Madeenah – Madrasah Diniyah,Bulan Ramadhan,https://ilmiyyah.com/archives/2964
Madeenah – Madrasah Diniyah,Bulan Ramadhan,https://ilmiyyah.com/archives/2966
Madeenah – Madrasah Diniyah,Bulan Ramadhan,https://ilmiyyah.com/archives/2968
Madeenah – Madrasah Diniyah,Bulan Ramadhan,https://ilmiyyah.com/archives/2970
Madeenah – Madrasah Diniyah,Bulan Ramadhan,https://ilmiyyah.com/archives/2972
Madeenah – Madrasah Diniyah,Bulan Ramadhan,https://ilmiyyah.com/archives/2974
Madeenah – Madrasah Diniyah,Bulan Ramadhan,https://ilmiyyah.com/archives/2976
Madeenah – Madrasah Diniyah,Bulan Ramadhan,https://ilmiyyah.com/archives/2979
Madeenah – Madrasah Diniyah,Bulan Ramadhan,https://ilmiyyah.com/archives/2981
Madeenah – Madrasah Diniyah,Bulan Ramadhan,https://ilmiyyah.com/archives/2983
Madeenah – Madrasah Diniyah,Bulan Ramadhan,https://ilmiyyah.com/archives/2985
Madeenah – Madrasah Diniyah,Bulan Ramadhan,https://ilmiyyah.com/archives/2987
Madeenah – Madrasah Diniyah,Bulan Ramadhan,https://ilmiyyah.com/archives/2990
Madeenah – Madrasah Diniyah,Bulan Ramadhan,https://ilmiyyah.com/archives/2992
Madeenah – Madrasah Diniyah,Bulan Ramadhan,https://ilmiyyah.com/archives/2994
Madeenah – Madrasah Diniyah,Bulan Ramadhan,https://ilmiyyah.com/archives/2996
Madeenah – Madrasah Diniyah,Bulan Ramadhan,https://ilmiyyah.com/archives/2998
Madeenah – Madrasah Diniyah,Bulan Ramadhan,https://ilmiyyah.com/archives/3000
Madeenah – Madrasah Diniyah,Bulan Ramadhan,https://ilmiyyah.com/archives/3002
Madeenah – Madrasah Diniyah,Bulan Ramadhan,https://ilmiyyah.com/archives/3004
Madeenah – Madrasah Diniyah,Bulan Ramadhan,https://ilmiyyah.com/archives/289
Madeenah – Madrasah Diniyah,Bulan Ramadhan,https://ilmiyyah.com/archives/291
Madeenah – Madrasah Diniyah,Bulan Ramadhan,https://ilmiyyah.com/archives/293
Madeenah – Madrasah Diniyah,Bulan Ramadhan,https://ilmiyyah.com/archives/295
Madeenah – Madrasah Diniyah,Bulan Ramadhan,https://ilmiyyah.com/archives/297
Madeenah – Madrasah Diniyah,Bulan Ramadhan,https://ilmiyyah.com/archives/299
Madeenah – Madrasah Diniyah,Bulan Ramadhan,https://ilmiyyah.com/archives/301
Madeenah – Madrasah Diniyah,Bulan Ramadhan,https://ilmiyyah.com/archives/303
Madeenah – Madrasah Diniyah,Bulan Ramadhan,https://ilmiyyah.com/archives/305
Madeenah – Madrasah Diniyah,Bulan Ramadhan,https://ilmiyyah.com/archives/307
Madeenah – Madrasah Diniyah,Bulan Ramadhan,https://ilmiyyah.com/archives/309
Madeenah – Madrasah Diniyah,Bulan Ramadhan,https://ilmiyyah.com/archives/311
Madeenah – Madrasah Diniyah,Bulan Ramadhan,https://ilmiyyah.com/archives/313
Madeenah – Madrasah Diniyah,Bulan Ramadhan,https://ilmiyyah.com/archives/315
Madeenah – Madrasah Diniyah,Bulan Ramadhan,https://ilmiyyah.com/archives/317
Madeenah – Madrasah Diniyah,Bulan Ramadhan,https://ilmiyyah.com/archives/319
Madeenah – Madrasah Diniyah,Bulan Ramadhan,https://ilmiyyah.com/archives/321
Madeenah – Madrasah Diniyah,Bulan Ramadhan,https://ilmiyyah.com/archives/323
Madeenah – Madrasah Diniyah,Bulan Syawwal,https://ilmiyyah.com/archives/354
Madeenah – Madrasah Diniyah,Bulan Dzulhijjah,https://ilmiyyah.com/archives/3134
Madeenah – Madrasah Diniyah,Bulan Dzulhijjah,https://ilmiyyah.com/archives/3137
Madeenah – Madrasah Diniyah,Bulan Dzulhijjah,https://ilmiyyah.com/archives/3139
Madeenah – Madrasah Diniyah,Bulan Dzulhijjah,https://ilmiyyah.com/archives/3141
Madeenah – Madrasah Diniyah,Bulan Dzulhijjah,https://ilmiyyah.com/archives/3143
Madeenah – Madrasah Diniyah,Bulan Dzulhijjah,https://ilmiyyah.com/archives/3146
Madeenah – Madrasah Diniyah,Bulan Dzulhijjah,https://ilmiyyah.com/archives/3148
Madeenah – Madrasah Diniyah,Bulan Dzulhijjah,https://ilmiyyah.com/archives/3150
Madeenah – Madrasah Diniyah,Bulan Dzulhijjah,https://ilmiyyah.com/archives/3152
Madeenah – Madrasah Diniyah,Bulan Dzulhijjah,https://ilmiyyah.com/archives/3154
Madeenah – Madrasah Diniyah,Ceramah Singkat,https://ilmiyyah.com/archives/4046
Madeenah – Madrasah Diniyah,Ceramah Singkat,https://ilmiyyah.com/archives/4909
Madeenah – Madrasah Diniyah,Ceramah Singkat,https://ilmiyyah.com/archives/4036
Madeenah – Madrasah Diniyah,Ceramah Singkat,https://ilmiyyah.com/archives/4042
Madeenah – Madrasah Diniyah,Ceramah Singkat,https://ilmiyyah.com/archives/4038
Madeenah – Madrasah Diniyah,Ceramah Singkat,https://ilmiyyah.com/archives/4911
Madeenah – Madrasah Diniyah,Ceramah Singkat,https://ilmiyyah.com/archives/4044
Madeenah – Madrasah Diniyah,Ceramah Singkat,https://ilmiyyah.com/archives/4907
Madeenah – Madrasah Diniyah,Ceramah Singkat,https://ilmiyyah.com/archives/4040
Ustad Firanda Andirja,https://ilmiyyah.com/kelas-ufa/silsilah-amalan-hati-dan-penyakit-hati,
Ustad Firanda Andirja,https://ilmiyyah.com/archives/5532,
Ustad Firanda Andirja,https://ilmiyyah.com/archives/6832,
Dirosah Islamiyah,https://ilmiyyah.com/dirosah-islamiyah/aqidah-ahlus-sunnah-wal-jamaah,
Dirosah Islamiyah,https://ilmiyyah.com/dirosah-islamiyah/kitabul-buyu-matan-abu-syuja,
Dirosah Islamiyah,https://ilmiyyah.com/archives/12880,
Dirosah Islamiyah,https://ilmiyyah.com/dirosah-islamiyah/kajian-tematik-ramadhan-1442h,
Grup Islam Sunnah,https://ilmiyyah.com/archives/10311,
